INSERT INTO `organisateurs` (`id`,`idAdherent`,`login`,`motdepasse`) VALUES (1,20,"Alma","YKF63OHZ7OH");
INSERT INTO `organisateurs` (`id`,`idAdherent`,`login`,`motdepasse`) VALUES (2,22,"Eliana","ZCQ28TKQ7EO");
INSERT INTO `organisateurs` (`id`,`idAdherent`,`login`,`motdepasse`) VALUES (3,24,"Kristen","ZIG76VWP3JX");
INSERT INTO `organisateurs` (`id`,`idAdherent`,`login`,`motdepasse`) VALUES (4,26,"Justine","QFF00TLS3XE");
INSERT INTO `organisateurs` (`id`,`idAdherent`,`login`,`motdepasse`) VALUES (5,28,"Isabella","JEY59XEV4TI");
INSERT INTO `organisateurs` (`id`,`idAdherent`,`login`,`motdepasse`) VALUES (6,30,"Samantha","MUR60BGX0EQ");
INSERT INTO `organisateurs` (`id`,`idAdherent`,`login`,`motdepasse`) VALUES (7,32,"Nyssa","YRP46VXP9YD");
INSERT INTO `organisateurs` (`id`,`idAdherent`,`login`,`motdepasse`) VALUES (8,34,"Sacha","MSP61BQT3XJ");
INSERT INTO `organisateurs` (`id`,`idAdherent`,`login`,`motdepasse`) VALUES (9,36,"Rama","CJE82IAF9ZQ");
INSERT INTO `organisateurs` (`id`,`idAdherent`,`login`,`motdepasse`) VALUES (10,38,"Kim","BRD56OCW9VL");
INSERT INTO `organisateurs` (`id`,`idAdherent`,`login`,`motdepasse`) VALUES (11,40,"Cheyennade","ACN74UKQ4LA");
INSERT INTO `organisateurs` (`id`,`idAdherent`,`login`,`motdepasse`) VALUES (12,42,"Ella","DLE01MHA6HA");
INSERT INTO `organisateurs` (`id`,`idAdherent`,`login`,`motdepasse`) VALUES (13,44,"Eaton","VVP10XMX1UN");
INSERT INTO `organisateurs` (`id`,`idAdherent`,`login`,`motdepasse`) VALUES (14,46,"Kamal","XKQ22TTL4ZN");
INSERT INTO `organisateurs` (`id`,`idAdherent`,`login`,`motdepasse`) VALUES (15,48,"Tamara","UXK67VHC8JV");
INSERT INTO `organisateurs` (`id`,`idAdherent`,`login`,`motdepasse`) VALUES (16,50,"Sebastian","YPP59HHI4BL");
INSERT INTO `organisateurs` (`id`,`idAdherent`,`login`,`motdepasse`) VALUES (17,52,"Evelyn","MBM87FZI7VR");
INSERT INTO `organisateurs` (`id`,`idAdherent`,`login`,`motdepasse`) VALUES (18,54,"Kennan","ATL88WNV1ES");
INSERT INTO `organisateurs` (`id`,`idAdherent`,`login`,`motdepasse`) VALUES (19,56,"Bruno","HUG70MYR2UW");
INSERT INTO `organisateurs` (`id`,`idAdherent`,`login`,`motdepasse`) VALUES (20,58,"Vanna","ZYC92LWG8NZ");
INSERT INTO `organisateurs` (`id`,`idAdherent`,`login`,`motdepasse`) VALUES (21,60,"Camden","JQY03IGM6FL");
INSERT INTO `organisateurs` (`id`,`idAdherent`,`login`,`motdepasse`) VALUES (22,62,"Iona","HHK10XUZ6JD");
INSERT INTO `organisateurs` (`id`,`idAdherent`,`login`,`motdepasse`) VALUES (23,64,"Colt","GAU66ZTI3YG");
INSERT INTO `organisateurs` (`id`,`idAdherent`,`login`,`motdepasse`) VALUES (24,66,"Zoe","NBO67XBQ7JB");
INSERT INTO `organisateurs` (`id`,`idAdherent`,`login`,`motdepasse`) VALUES (25,68,"Ursa","OIL91BXA9MY");
INSERT INTO `organisateurs` (`id`,`idAdherent`,`login`,`motdepasse`) VALUES (26,70,"Maite","XJF15FYH1KP");
INSERT INTO `organisateurs` (`id`,`idAdherent`,`login`,`motdepasse`) VALUES (27,72,"Bert","ECQ05ZTI8TP");
INSERT INTO `organisateurs` (`id`,`idAdherent`,`login`,`motdepasse`) VALUES (28,74,"Erich","FMT43NUP9LN");
INSERT INTO `organisateurs` (`id`,`idAdherent`,`login`,`motdepasse`) VALUES (29,76,"Danielle","UGO56YSM2TP");
INSERT INTO `organisateurs` (`id`,`idAdherent`,`login`,`motdepasse`) VALUES (30,78,"Craig","OCA67PLS5EU");
INSERT INTO `organisateurs` (`id`,`idAdherent`,`login`,`motdepasse`) VALUES (31,80,"Roary","SVZ58GWN1UX");
INSERT INTO `organisateurs` (`id`,`idAdherent`,`login`,`motdepasse`) VALUES (32,82,"Olympia","MMR12IDT5OD");
INSERT INTO `organisateurs` (`id`,`idAdherent`,`login`,`motdepasse`) VALUES (33,84,"Kato","XSC34QTU6WW");
INSERT INTO `organisateurs` (`id`,`idAdherent`,`login`,`motdepasse`) VALUES (34,86,"Chester","ELC64BRX2OT");
INSERT INTO `organisateurs` (`id`,`idAdherent`,`login`,`motdepasse`) VALUES (35,88,"Carissa","YES28JGH5HV");
INSERT INTO `organisateurs` (`id`,`idAdherent`,`login`,`motdepasse`) VALUES (36,90,"Bert","XDC36UEF1ZG");
INSERT INTO `organisateurs` (`id`,`idAdherent`,`login`,`motdepasse`) VALUES (37,92,"Armand","LSE56GEI4HB");
INSERT INTO `organisateurs` (`id`,`idAdherent`,`login`,`motdepasse`) VALUES (38,94,"Audra","GVK04QRC6FW");
INSERT INTO `organisateurs` (`id`,`idAdherent`,`login`,`motdepasse`) VALUES (39,96,"Jesse","ZQW04SNT4MW");
INSERT INTO `organisateurs` (`id`,`idAdherent`,`login`,`motdepasse`) VALUES (40,98,"Victor","UOB74EBX1XR");
INSERT INTO `organisateurs` (`id`,`idAdherent`,`login`,`motdepasse`) VALUES (41,100,"Gretchen","VDM09HXX9GM");
INSERT INTO `organisateurs` (`id`,`idAdherent`,`login`,`motdepasse`) VALUES (42,102,"James","XBH42UOK4AU");
INSERT INTO `organisateurs` (`id`,`idAdherent`,`login`,`motdepasse`) VALUES (43,104,"Vera","OCD28BUA3RN");
INSERT INTO `organisateurs` (`id`,`idAdherent`,`login`,`motdepasse`) VALUES (44,106,"Quamar","CLA66FWQ0NA");
INSERT INTO `organisateurs` (`id`,`idAdherent`,`login`,`motdepasse`) VALUES (45,108,"Jermaine","LFO85BNO1SM");
INSERT INTO `organisateurs` (`id`,`idAdherent`,`login`,`motdepasse`) VALUES (46,110,"Alden","WJU66BWL6VL");
INSERT INTO `organisateurs` (`id`,`idAdherent`,`login`,`motdepasse`) VALUES (47,112,"Quinlan","AGJ74CXF4BL");
INSERT INTO `organisateurs` (`id`,`idAdherent`,`login`,`motdepasse`) VALUES (48,114,"Graiden","LLC93JGT7NG");
INSERT INTO `organisateurs` (`id`,`idAdherent`,`login`,`motdepasse`) VALUES (49,116,"Sierra","FXE45WVY3JJ");
INSERT INTO `organisateurs` (`id`,`idAdherent`,`login`,`motdepasse`) VALUES (50,118,"Aiko","EDJ91YNS3LB");
INSERT INTO `organisateurs` (`id`,`idAdherent`,`login`,`motdepasse`) VALUES (51,120,"Renee","RXI35OPW1IP");
INSERT INTO `organisateurs` (`id`,`idAdherent`,`login`,`motdepasse`) VALUES (52,122,"Nerea","IZQ87RCY4HG");
INSERT INTO `organisateurs` (`id`,`idAdherent`,`login`,`motdepasse`) VALUES (53,124,"Chastity","HYV13LAO8EI");
INSERT INTO `organisateurs` (`id`,`idAdherent`,`login`,`motdepasse`) VALUES (54,126,"Leila","PFO86JSJ2ZK");
INSERT INTO `organisateurs` (`id`,`idAdherent`,`login`,`motdepasse`) VALUES (55,128,"Carter","OWY28OKB4SH");
INSERT INTO `organisateurs` (`id`,`idAdherent`,`login`,`motdepasse`) VALUES (56,130,"Rae","XPL65ADD5JX");
INSERT INTO `organisateurs` (`id`,`idAdherent`,`login`,`motdepasse`) VALUES (57,132,"Sasha","FFM83LGS7OH");
INSERT INTO `organisateurs` (`id`,`idAdherent`,`login`,`motdepasse`) VALUES (58,134,"Noble","LDY45RPV4WO");
INSERT INTO `organisateurs` (`id`,`idAdherent`,`login`,`motdepasse`) VALUES (59,136,"Kalia","USM65VMV8YF");
INSERT INTO `organisateurs` (`id`,`idAdherent`,`login`,`motdepasse`) VALUES (60,138,"Kadeem","BFN89ZIL7HN");
INSERT INTO `organisateurs` (`id`,`idAdherent`,`login`,`motdepasse`) VALUES (61,140,"Price","EKX32BJX2US");
INSERT INTO `organisateurs` (`id`,`idAdherent`,`login`,`motdepasse`) VALUES (62,142,"Chase","HCM90JTU5TJ");
INSERT INTO `organisateurs` (`id`,`idAdherent`,`login`,`motdepasse`) VALUES (63,144,"Dexter","NZS36TIK0AF");
INSERT INTO `organisateurs` (`id`,`idAdherent`,`login`,`motdepasse`) VALUES (64,146,"Cynthia","TJO19IGV2IB");
INSERT INTO `organisateurs` (`id`,`idAdherent`,`login`,`motdepasse`) VALUES (65,148,"Ava","FCJ42HVT0BR");
INSERT INTO `organisateurs` (`id`,`idAdherent`,`login`,`motdepasse`) VALUES (66,150,"Neve","CNH41LCA8OX");
INSERT INTO `organisateurs` (`id`,`idAdherent`,`login`,`motdepasse`) VALUES (67,152,"Cathleen","CYC01LKX1FB");
INSERT INTO `organisateurs` (`id`,`idAdherent`,`login`,`motdepasse`) VALUES (68,154,"Kelsie","HJM45WAX2DH");
INSERT INTO `organisateurs` (`id`,`idAdherent`,`login`,`motdepasse`) VALUES (69,156,"Griffith","APY21UXB8CD");
INSERT INTO `organisateurs` (`id`,`idAdherent`,`login`,`motdepasse`) VALUES (70,158,"Troy","JSP32USE3IK");
INSERT INTO `organisateurs` (`id`,`idAdherent`,`login`,`motdepasse`) VALUES (71,160,"Allen","PEG57RLF0IZ");
INSERT INTO `organisateurs` (`id`,`idAdherent`,`login`,`motdepasse`) VALUES (72,162,"Lev","KZV73RAV5HD");
INSERT INTO `organisateurs` (`id`,`idAdherent`,`login`,`motdepasse`) VALUES (73,164,"Aubrey","OSL06YJC1EQ");
INSERT INTO `organisateurs` (`id`,`idAdherent`,`login`,`motdepasse`) VALUES (74,166,"Sawyer","KZI61QSQ8HJ");
INSERT INTO `organisateurs` (`id`,`idAdherent`,`login`,`motdepasse`) VALUES (75,168,"Price","NVB61YQA5TI");
INSERT INTO `organisateurs` (`id`,`idAdherent`,`login`,`motdepasse`) VALUES (76,170,"Kiara","HHM59JBM3SK");
INSERT INTO `organisateurs` (`id`,`idAdherent`,`login`,`motdepasse`) VALUES (77,172,"Kai","RBD03SHR3JJ");
INSERT INTO `organisateurs` (`id`,`idAdherent`,`login`,`motdepasse`) VALUES (78,174,"Barry","OLC53ODN2KL");
INSERT INTO `organisateurs` (`id`,`idAdherent`,`login`,`motdepasse`) VALUES (79,176,"Conan","QIW04JUR2PM");
INSERT INTO `organisateurs` (`id`,`idAdherent`,`login`,`motdepasse`) VALUES (80,178,"Duncan","BQH11XOI6MA");
INSERT INTO `organisateurs` (`id`,`idAdherent`,`login`,`motdepasse`) VALUES (81,180,"Lance","UGB84OBW3BA");
INSERT INTO `organisateurs` (`id`,`idAdherent`,`login`,`motdepasse`) VALUES (82,182,"Cally","NQL23BNF8CW");
INSERT INTO `organisateurs` (`id`,`idAdherent`,`login`,`motdepasse`) VALUES (83,184,"Clark","UPP16LLM3JJ");
INSERT INTO `organisateurs` (`id`,`idAdherent`,`login`,`motdepasse`) VALUES (84,186,"Colleen","TIO25RWF1JY");
INSERT INTO `organisateurs` (`id`,`idAdherent`,`login`,`motdepasse`) VALUES (85,188,"Ariel","CZU64DAJ5LA");
INSERT INTO `organisateurs` (`id`,`idAdherent`,`login`,`motdepasse`) VALUES (86,190,"Reed","YAF59USC8KJ");
INSERT INTO `organisateurs` (`id`,`idAdherent`,`login`,`motdepasse`) VALUES (87,192,"Joy","SOE22XGN1BQ");
INSERT INTO `organisateurs` (`id`,`idAdherent`,`login`,`motdepasse`) VALUES (88,194,"Karen","GIM92CGL5SA");
INSERT INTO `organisateurs` (`id`,`idAdherent`,`login`,`motdepasse`) VALUES (89,196,"Edan","JAP38DXI6YW");
INSERT INTO `organisateurs` (`id`,`idAdherent`,`login`,`motdepasse`) VALUES (90,198,"Timon","PKN94NFX6QX");
INSERT INTO `organisateurs` (`id`,`idAdherent`,`login`,`motdepasse`) VALUES (91,200,"Sasha","XVL97GNI2OY");
INSERT INTO `organisateurs` (`id`,`idAdherent`,`login`,`motdepasse`) VALUES (92,202,"Martha","MXH94FUR9JE");
INSERT INTO `organisateurs` (`id`,`idAdherent`,`login`,`motdepasse`) VALUES (93,204,"Jerome","MNC01DGN9PR");
INSERT INTO `organisateurs` (`id`,`idAdherent`,`login`,`motdepasse`) VALUES (94,206,"Cheyenne","JYN95PHY4GV");
INSERT INTO `organisateurs` (`id`,`idAdherent`,`login`,`motdepasse`) VALUES (95,208,"Ahmed","KQJ10CKN3MN");
INSERT INTO `organisateurs` (`id`,`idAdherent`,`login`,`motdepasse`) VALUES (96,210,"Clayton","YZP49HSK4EC");
INSERT INTO `organisateurs` (`id`,`idAdherent`,`login`,`motdepasse`) VALUES (97,212,"Quin","XXH86QML3BW");
INSERT INTO `organisateurs` (`id`,`idAdherent`,`login`,`motdepasse`) VALUES (98,214,"Nathaniel","VYG34UQW2QB");
INSERT INTO `organisateurs` (`id`,`idAdherent`,`login`,`motdepasse`) VALUES (99,216,"Francesca","TSV42DDC0QB");
INSERT INTO `organisateurs` (`id`,`idAdherent`,`login`,`motdepasse`) VALUES (100,218,"Demetrius","JJM11MNC7TQ");
INSERT INTO `permissions` (`id`,`nom`) VALUES (1,"creerMembre");
INSERT INTO `permissions` (`id`,`nom`) VALUES (2,"supprimerMembre");
INSERT INTO `permissions` (`id`,`nom`) VALUES (3,"creerEvenement");
INSERT INTO `permissions` (`id`,`nom`) VALUES (4,"ajouterMateriel");
INSERT INTO `permissions` (`id`,`nom`) VALUES (5,"reserverMateriel");INSERT INTO `permissions_organisateurs` (`id`,`id_organisateur`,`id_permission`) VALUES (1,94,4);
INSERT INTO `permissions_organisateurs` (`id`,`id_organisateur`,`id_permission`) VALUES (2,60,2);
INSERT INTO `permissions_organisateurs` (`id`,`id_organisateur`,`id_permission`) VALUES (3,42,1);
INSERT INTO `permissions_organisateurs` (`id`,`id_organisateur`,`id_permission`) VALUES (4,25,2);
INSERT INTO `permissions_organisateurs` (`id`,`id_organisateur`,`id_permission`) VALUES (5,34,4);
INSERT INTO `permissions_organisateurs` (`id`,`id_organisateur`,`id_permission`) VALUES (6,86,2);
INSERT INTO `permissions_organisateurs` (`id`,`id_organisateur`,`id_permission`) VALUES (7,75,5);
INSERT INTO `permissions_organisateurs` (`id`,`id_organisateur`,`id_permission`) VALUES (8,45,1);
INSERT INTO `permissions_organisateurs` (`id`,`id_organisateur`,`id_permission`) VALUES (9,24,2);
INSERT INTO `permissions_organisateurs` (`id`,`id_organisateur`,`id_permission`) VALUES (10,72,2);
INSERT INTO `permissions_organisateurs` (`id`,`id_organisateur`,`id_permission`) VALUES (11,68,1);
INSERT INTO `permissions_organisateurs` (`id`,`id_organisateur`,`id_permission`) VALUES (12,69,2);
INSERT INTO `permissions_organisateurs` (`id`,`id_organisateur`,`id_permission`) VALUES (13,67,2);
INSERT INTO `permissions_organisateurs` (`id`,`id_organisateur`,`id_permission`) VALUES (14,43,3);
INSERT INTO `permissions_organisateurs` (`id`,`id_organisateur`,`id_permission`) VALUES (15,92,5);
INSERT INTO `permissions_organisateurs` (`id`,`id_organisateur`,`id_permission`) VALUES (16,77,4);
INSERT INTO `permissions_organisateurs` (`id`,`id_organisateur`,`id_permission`) VALUES (17,72,3);
INSERT INTO `permissions_organisateurs` (`id`,`id_organisateur`,`id_permission`) VALUES (18,66,5);
INSERT INTO `permissions_organisateurs` (`id`,`id_organisateur`,`id_permission`) VALUES (19,5,4);
INSERT INTO `permissions_organisateurs` (`id`,`id_organisateur`,`id_permission`) VALUES (20,93,3);
INSERT INTO `permissions_organisateurs` (`id`,`id_organisateur`,`id_permission`) VALUES (21,92,5);
INSERT INTO `permissions_organisateurs` (`id`,`id_organisateur`,`id_permission`) VALUES (22,30,3);
INSERT INTO `permissions_organisateurs` (`id`,`id_organisateur`,`id_permission`) VALUES (23,62,2);
INSERT INTO `permissions_organisateurs` (`id`,`id_organisateur`,`id_permission`) VALUES (24,59,3);
INSERT INTO `permissions_organisateurs` (`id`,`id_organisateur`,`id_permission`) VALUES (25,78,2);
INSERT INTO `permissions_organisateurs` (`id`,`id_organisateur`,`id_permission`) VALUES (26,3,3);
INSERT INTO `permissions_organisateurs` (`id`,`id_organisateur`,`id_permission`) VALUES (27,22,4);
INSERT INTO `permissions_organisateurs` (`id`,`id_organisateur`,`id_permission`) VALUES (28,60,4);
INSERT INTO `permissions_organisateurs` (`id`,`id_organisateur`,`id_permission`) VALUES (29,65,4);
INSERT INTO `permissions_organisateurs` (`id`,`id_organisateur`,`id_permission`) VALUES (30,93,5);
INSERT INTO `permissions_organisateurs` (`id`,`id_organisateur`,`id_permission`) VALUES (31,92,1);
INSERT INTO `permissions_organisateurs` (`id`,`id_organisateur`,`id_permission`) VALUES (32,46,4);
INSERT INTO `permissions_organisateurs` (`id`,`id_organisateur`,`id_permission`) VALUES (33,59,3);
INSERT INTO `permissions_organisateurs` (`id`,`id_organisateur`,`id_permission`) VALUES (34,45,4);
INSERT INTO `permissions_organisateurs` (`id`,`id_organisateur`,`id_permission`) VALUES (35,89,2);
INSERT INTO `permissions_organisateurs` (`id`,`id_organisateur`,`id_permission`) VALUES (36,67,4);
INSERT INTO `permissions_organisateurs` (`id`,`id_organisateur`,`id_permission`) VALUES (37,47,5);
INSERT INTO `permissions_organisateurs` (`id`,`id_organisateur`,`id_permission`) VALUES (38,22,1);
INSERT INTO `permissions_organisateurs` (`id`,`id_organisateur`,`id_permission`) VALUES (39,56,4);
INSERT INTO `permissions_organisateurs` (`id`,`id_organisateur`,`id_permission`) VALUES (40,2,4);
INSERT INTO `permissions_organisateurs` (`id`,`id_organisateur`,`id_permission`) VALUES (41,91,2);
INSERT INTO `permissions_organisateurs` (`id`,`id_organisateur`,`id_permission`) VALUES (42,61,4);
INSERT INTO `permissions_organisateurs` (`id`,`id_organisateur`,`id_permission`) VALUES (43,91,3);
INSERT INTO `permissions_organisateurs` (`id`,`id_organisateur`,`id_permission`) VALUES (44,94,5);
INSERT INTO `permissions_organisateurs` (`id`,`id_organisateur`,`id_permission`) VALUES (45,85,4);
INSERT INTO `permissions_organisateurs` (`id`,`id_organisateur`,`id_permission`) VALUES (46,49,2);
INSERT INTO `permissions_organisateurs` (`id`,`id_organisateur`,`id_permission`) VALUES (47,63,2);
INSERT INTO `permissions_organisateurs` (`id`,`id_organisateur`,`id_permission`) VALUES (48,46,3);
INSERT INTO `permissions_organisateurs` (`id`,`id_organisateur`,`id_permission`) VALUES (49,6,5);
INSERT INTO `permissions_organisateurs` (`id`,`id_organisateur`,`id_permission`) VALUES (50,33,3);
INSERT INTO `permissions_organisateurs` (`id`,`id_organisateur`,`id_permission`) VALUES (51,45,1);
INSERT INTO `permissions_organisateurs` (`id`,`id_organisateur`,`id_permission`) VALUES (52,81,1);
INSERT INTO `permissions_organisateurs` (`id`,`id_organisateur`,`id_permission`) VALUES (53,81,1);
INSERT INTO `permissions_organisateurs` (`id`,`id_organisateur`,`id_permission`) VALUES (54,75,2);
INSERT INTO `permissions_organisateurs` (`id`,`id_organisateur`,`id_permission`) VALUES (55,88,2);
INSERT INTO `permissions_organisateurs` (`id`,`id_organisateur`,`id_permission`) VALUES (56,61,5);
INSERT INTO `permissions_organisateurs` (`id`,`id_organisateur`,`id_permission`) VALUES (57,20,4);
INSERT INTO `permissions_organisateurs` (`id`,`id_organisateur`,`id_permission`) VALUES (58,96,1);
INSERT INTO `permissions_organisateurs` (`id`,`id_organisateur`,`id_permission`) VALUES (59,43,3);
INSERT INTO `permissions_organisateurs` (`id`,`id_organisateur`,`id_permission`) VALUES (60,12,4);
INSERT INTO `permissions_organisateurs` (`id`,`id_organisateur`,`id_permission`) VALUES (61,64,5);
INSERT INTO `permissions_organisateurs` (`id`,`id_organisateur`,`id_permission`) VALUES (62,84,4);
INSERT INTO `permissions_organisateurs` (`id`,`id_organisateur`,`id_permission`) VALUES (63,56,4);
INSERT INTO `permissions_organisateurs` (`id`,`id_organisateur`,`id_permission`) VALUES (64,57,1);
INSERT INTO `permissions_organisateurs` (`id`,`id_organisateur`,`id_permission`) VALUES (65,76,5);
INSERT INTO `permissions_organisateurs` (`id`,`id_organisateur`,`id_permission`) VALUES (66,35,4);
INSERT INTO `permissions_organisateurs` (`id`,`id_organisateur`,`id_permission`) VALUES (67,85,4);
INSERT INTO `permissions_organisateurs` (`id`,`id_organisateur`,`id_permission`) VALUES (68,86,1);
INSERT INTO `permissions_organisateurs` (`id`,`id_organisateur`,`id_permission`) VALUES (69,96,1);
INSERT INTO `permissions_organisateurs` (`id`,`id_organisateur`,`id_permission`) VALUES (70,38,2);
INSERT INTO `permissions_organisateurs` (`id`,`id_organisateur`,`id_permission`) VALUES (71,20,3);
INSERT INTO `permissions_organisateurs` (`id`,`id_organisateur`,`id_permission`) VALUES (72,98,1);
INSERT INTO `permissions_organisateurs` (`id`,`id_organisateur`,`id_permission`) VALUES (73,72,3);
INSERT INTO `permissions_organisateurs` (`id`,`id_organisateur`,`id_permission`) VALUES (74,70,3);
INSERT INTO `permissions_organisateurs` (`id`,`id_organisateur`,`id_permission`) VALUES (75,7,3);
INSERT INTO `permissions_organisateurs` (`id`,`id_organisateur`,`id_permission`) VALUES (76,96,5);
INSERT INTO `permissions_organisateurs` (`id`,`id_organisateur`,`id_permission`) VALUES (77,46,1);
INSERT INTO `permissions_organisateurs` (`id`,`id_organisateur`,`id_permission`) VALUES (78,3,4);
INSERT INTO `permissions_organisateurs` (`id`,`id_organisateur`,`id_permission`) VALUES (79,38,1);
INSERT INTO `permissions_organisateurs` (`id`,`id_organisateur`,`id_permission`) VALUES (80,35,2);
INSERT INTO `permissions_organisateurs` (`id`,`id_organisateur`,`id_permission`) VALUES (81,9,4);
INSERT INTO `permissions_organisateurs` (`id`,`id_organisateur`,`id_permission`) VALUES (82,63,1);
INSERT INTO `permissions_organisateurs` (`id`,`id_organisateur`,`id_permission`) VALUES (83,84,5);
INSERT INTO `permissions_organisateurs` (`id`,`id_organisateur`,`id_permission`) VALUES (84,72,1);
INSERT INTO `permissions_organisateurs` (`id`,`id_organisateur`,`id_permission`) VALUES (85,38,3);
INSERT INTO `permissions_organisateurs` (`id`,`id_organisateur`,`id_permission`) VALUES (86,5,3);
INSERT INTO `permissions_organisateurs` (`id`,`id_organisateur`,`id_permission`) VALUES (87,5,3);
INSERT INTO `permissions_organisateurs` (`id`,`id_organisateur`,`id_permission`) VALUES (88,33,3);
INSERT INTO `permissions_organisateurs` (`id`,`id_organisateur`,`id_permission`) VALUES (89,6,3);
INSERT INTO `permissions_organisateurs` (`id`,`id_organisateur`,`id_permission`) VALUES (90,5,1);
INSERT INTO `permissions_organisateurs` (`id`,`id_organisateur`,`id_permission`) VALUES (91,85,3);
INSERT INTO `permissions_organisateurs` (`id`,`id_organisateur`,`id_permission`) VALUES (92,66,1);
INSERT INTO `permissions_organisateurs` (`id`,`id_organisateur`,`id_permission`) VALUES (93,31,4);
INSERT INTO `permissions_organisateurs` (`id`,`id_organisateur`,`id_permission`) VALUES (94,13,5);
INSERT INTO `permissions_organisateurs` (`id`,`id_organisateur`,`id_permission`) VALUES (95,58,1);
INSERT INTO `permissions_organisateurs` (`id`,`id_organisateur`,`id_permission`) VALUES (96,35,4);
INSERT INTO `permissions_organisateurs` (`id`,`id_organisateur`,`id_permission`) VALUES (97,21,4);
INSERT INTO `permissions_organisateurs` (`id`,`id_organisateur`,`id_permission`) VALUES (98,63,3);
INSERT INTO `permissions_organisateurs` (`id`,`id_organisateur`,`id_permission`) VALUES (99,69,5);
INSERT INTO `permissions_organisateurs` (`id`,`id_organisateur`,`id_permission`) VALUES (100,20,1);